CREATE DATABASE  IF NOT EXISTS `board_project` /*!40100 DEFAULT CHARACTER SET utf8mb4 COLLATE utf8mb4_0900_ai_ci */ /*!80016 DEFAULT ENCRYPTION='N' */;
USE `board_project`;
-- MySQL dump 10.13  Distrib 8.0.40, for Win64 (x86_64)
--
-- Host: 127.0.0.1    Database: board_project
-- ------------------------------------------------------
-- Server version	8.0.40

/*!40101 SET @OLD_CHARACTER_SET_CLIENT=@@CHARACTER_SET_CLIENT */;
/*!40101 SET @OLD_CHARACTER_SET_RESULTS=@@CHARACTER_SET_RESULTS */;
/*!40101 SET @OLD_COLLATION_CONNECTION=@@COLLATION_CONNECTION */;
/*!50503 SET NAMES utf8 */;
/*!40103 SET @OLD_TIME_ZONE=@@TIME_ZONE */;
/*!40103 SET TIME_ZONE='+00:00' */;
/*!40014 SET @OLD_UNIQUE_CHECKS=@@UNIQUE_CHECKS, UNIQUE_CHECKS=0 */;
/*!40014 SET @OLD_FOREIGN_KEY_CHECKS=@@FOREIGN_KEY_CHECKS, FOREIGN_KEY_CHECKS=0 */;
/*!40101 SET @OLD_SQL_MODE=@@SQL_MODE, SQL_MODE='NO_AUTO_VALUE_ON_ZERO' */;
/*!40111 SET @OLD_SQL_NOTES=@@SQL_NOTES, SQL_NOTES=0 */;

--
-- Table structure for table `board_category_tb`
--

DROP TABLE IF EXISTS `board_category_tb`;
/*!40101 SET @saved_cs_client     = @@character_set_client */;
/*!50503 SET character_set_client = utf8mb4 */;
CREATE TABLE `board_category_tb` (
  `board_category_id` int NOT NULL AUTO_INCREMENT,
  `board_category_name` varchar(255) NOT NULL,
  PRIMARY KEY (`board_category_id`),
  UNIQUE KEY `board_category_name_UNIQUE` (`board_category_name`)
) ENGINE=InnoDB AUTO_INCREMENT=7 DEFAULT CHARSET=utf8mb4 COLLATE=utf8mb4_0900_ai_ci;
/*!40101 SET character_set_client = @saved_cs_client */;

--
-- Dumping data for table `board_category_tb`
--

LOCK TABLES `board_category_tb` WRITE;
/*!40000 ALTER TABLE `board_category_tb` DISABLE KEYS */;
INSERT INTO `board_category_tb` VALUES (6,'HTML'),(3,'Java'),(2,'JavaScript'),(5,'MySQL'),(4,'React_test'),(1,'test');
/*!40000 ALTER TABLE `board_category_tb` ENABLE KEYS */;
UNLOCK TABLES;

--
-- Table structure for table `board_like_tb`
--

DROP TABLE IF EXISTS `board_like_tb`;
/*!40101 SET @saved_cs_client     = @@character_set_client */;
/*!50503 SET character_set_client = utf8mb4 */;
CREATE TABLE `board_like_tb` (
  `board_like_id` int NOT NULL AUTO_INCREMENT,
  `board_id` int NOT NULL,
  `user_id` int NOT NULL,
  PRIMARY KEY (`board_like_id`)
) ENGINE=InnoDB AUTO_INCREMENT=11 DEFAULT CHARSET=utf8mb4 COLLATE=utf8mb4_0900_ai_ci;
/*!40101 SET character_set_client = @saved_cs_client */;

--
-- Dumping data for table `board_like_tb`
--

LOCK TABLES `board_like_tb` WRITE;
/*!40000 ALTER TABLE `board_like_tb` DISABLE KEYS */;
INSERT INTO `board_like_tb` VALUES (1,9,6),(2,9,7),(3,9,2),(4,8,4),(5,8,3),(6,8,1),(7,8,7),(8,7,6),(9,7,5),(10,7,2);
/*!40000 ALTER TABLE `board_like_tb` ENABLE KEYS */;
UNLOCK TABLES;

--
-- Table structure for table `board_tb`
--

DROP TABLE IF EXISTS `board_tb`;
/*!40101 SET @saved_cs_client     = @@character_set_client */;
/*!50503 SET character_set_client = utf8mb4 */;
CREATE TABLE `board_tb` (
  `board_id` int NOT NULL AUTO_INCREMENT,
  `board_category_id` int NOT NULL,
  `user_id` int NOT NULL,
  `title` varchar(255) NOT NULL,
  `content` longtext NOT NULL,
  `view_count` int NOT NULL,
  `created_at` timestamp NOT NULL,
  `updated_at` timestamp NOT NULL,
  PRIMARY KEY (`board_id`)
) ENGINE=InnoDB AUTO_INCREMENT=65518 DEFAULT CHARSET=utf8mb4 COLLATE=utf8mb4_0900_ai_ci;
/*!40101 SET character_set_client = @saved_cs_client */;

--
-- Dumping data for table `board_tb`
--

LOCK TABLES `board_tb` WRITE;
/*!40000 ALTER TABLE `board_tb` DISABLE KEYS */;
INSERT INTO `board_tb` VALUES (1,1,7,'테스트','<h1>테스트 내용입니다.</h1>',0,'2025-03-04 07:44:57','2025-03-04 07:44:57'),(2,1,7,'testtest','<h2>testtest</h2>',0,'2025-03-04 08:16:50','2025-03-04 08:16:50'),(3,2,7,'JS_test','<h5><em>JS_test<span class=\"ql-cursor\">﻿</span></em></h5>',0,'2025-03-04 08:17:23','2025-03-04 08:17:23'),(4,3,7,'Java_test','<h1><u>Java_test</u></h1>',0,'2025-03-04 08:17:43','2025-03-04 08:17:43'),(5,4,7,'React_test','<h1><u>React_test</u></h1>',0,'2025-03-04 08:18:02','2025-03-04 08:18:02'),(6,1,1,'test','<h1><u>test</u></h1>',0,'2025-03-04 08:18:25','2025-03-04 08:18:25'),(7,5,1,'MySQL_test','<h1><em>MySQL_test</em><span class=\"ql-cursor\">﻿</span></h1>',0,'2025-03-04 08:18:52','2025-03-04 08:18:52'),(8,6,1,'HTML_test','<h1><s>HTML_test</s></h1>',0,'2025-03-04 08:19:11','2025-03-04 08:19:11'),(9,3,1,'Java_test2','<h1>Java_test2</h1>',0,'2025-03-04 08:20:14','2025-03-04 08:20:14'),(10,1,7,'테스트','<h1>테스트 내용입니다.</h1>',449,'2025-03-05 06:19:31','2025-03-05 06:19:31'),(11,1,7,'testtest','<h2>testtest</h2>',966,'2025-03-05 06:19:31','2025-03-05 06:19:31'),(12,2,7,'JS_test','<h5><em>JS_test<span class=\"ql-cursor\">﻿</span></em></h5>',484,'2025-03-05 06:19:31','2025-03-05 06:19:31'),(13,3,7,'Java_test','<h1><u>Java_test</u></h1>',519,'2025-03-05 06:19:31','2025-03-05 06:19:31'),(14,4,7,'React_test','<h1><u>React_test</u></h1>',144,'2025-03-05 06:19:31','2025-03-05 06:19:31'),(15,1,1,'test','<h1><u>test</u></h1>',165,'2025-03-05 06:19:31','2025-03-05 06:19:31'),(16,5,1,'MySQL_test','<h1><em>MySQL_test</em><span class=\"ql-cursor\">﻿</span></h1>',389,'2025-03-05 06:19:31','2025-03-05 06:19:31'),(17,6,1,'HTML_test','<h1><s>HTML_test</s></h1>',449,'2025-03-05 06:19:31','2025-03-05 06:19:31'),(18,3,1,'Java_test2','<h1>Java_test2</h1>',79,'2025-03-05 06:19:31','2025-03-05 06:19:31'),(25,1,7,'테스트','<h1>테스트 내용입니다.</h1>',47,'2025-03-05 06:19:32','2025-03-05 06:19:32'),(26,1,7,'testtest','<h2>testtest</h2>',999,'2025-03-05 06:19:32','2025-03-05 06:19:32'),(27,2,7,'JS_test','<h5><em>JS_test<span class=\"ql-cursor\">﻿</span></em></h5>',852,'2025-03-05 06:19:32','2025-03-05 06:19:32'),(28,3,7,'Java_test','<h1><u>Java_test</u></h1>',265,'2025-03-05 06:19:32','2025-03-05 06:19:32'),(29,4,7,'React_test','<h1><u>React_test</u></h1>',767,'2025-03-05 06:19:32','2025-03-05 06:19:32'),(30,1,1,'test','<h1><u>test</u></h1>',38,'2025-03-05 06:19:32','2025-03-05 06:19:32'),(31,5,1,'MySQL_test','<h1><em>MySQL_test</em><span class=\"ql-cursor\">﻿</span></h1>',889,'2025-03-05 06:19:32','2025-03-05 06:19:32'),(32,6,1,'HTML_test','<h1><s>HTML_test</s></h1>',333,'2025-03-05 06:19:32','2025-03-05 06:19:32'),(33,3,1,'Java_test2','<h1>Java_test2</h1>',994,'2025-03-05 06:19:32','2025-03-05 06:19:32'),(34,1,7,'테스트','<h1>테스트 내용입니다.</h1>',972,'2025-03-05 06:19:32','2025-03-05 06:19:32'),(35,1,7,'testtest','<h2>testtest</h2>',875,'2025-03-05 06:19:32','2025-03-05 06:19:32'),(36,2,7,'JS_test','<h5><em>JS_test<span class=\"ql-cursor\">﻿</span></em></h5>',462,'2025-03-05 06:19:32','2025-03-05 06:19:32'),(37,3,7,'Java_test','<h1><u>Java_test</u></h1>',683,'2025-03-05 06:19:32','2025-03-05 06:19:32'),(38,4,7,'React_test','<h1><u>React_test</u></h1>',30,'2025-03-05 06:19:32','2025-03-05 06:19:32'),(39,1,1,'test','<h1><u>test</u></h1>',98,'2025-03-05 06:19:32','2025-03-05 06:19:32'),(40,5,1,'MySQL_test','<h1><em>MySQL_test</em><span class=\"ql-cursor\">﻿</span></h1>',402,'2025-03-05 06:19:32','2025-03-05 06:19:32'),(41,6,1,'HTML_test','<h1><s>HTML_test</s></h1>',716,'2025-03-05 06:19:32','2025-03-05 06:19:32'),(42,3,1,'Java_test2','<h1>Java_test2</h1>',373,'2025-03-05 06:19:32','2025-03-05 06:19:32'),(56,1,7,'테스트','<h1>테스트 내용입니다.</h1>',716,'2025-03-05 06:19:32','2025-03-05 06:19:32'),(57,1,7,'testtest','<h2>testtest</h2>',461,'2025-03-05 06:19:32','2025-03-05 06:19:32'),(58,2,7,'JS_test','<h5><em>JS_test<span class=\"ql-cursor\">﻿</span></em></h5>',158,'2025-03-05 06:19:32','2025-03-05 06:19:32'),(59,3,7,'Java_test','<h1><u>Java_test</u></h1>',404,'2025-03-05 06:19:32','2025-03-05 06:19:32'),(60,4,7,'React_test','<h1><u>React_test</u></h1>',546,'2025-03-05 06:19:32','2025-03-05 06:19:32'),(61,1,1,'test','<h1><u>test</u></h1>',520,'2025-03-05 06:19:32','2025-03-05 06:19:32'),(62,5,1,'MySQL_test','<h1><em>MySQL_test</em><span class=\"ql-cursor\">﻿</span></h1>',959,'2025-03-05 06:19:32','2025-03-05 06:19:32'),(63,6,1,'HTML_test','<h1><s>HTML_test</s></h1>',236,'2025-03-05 06:19:32','2025-03-05 06:19:32'),(64,3,1,'Java_test2','<h1>Java_test2</h1>',301,'2025-03-05 06:19:32','2025-03-05 06:19:32'),(65,1,7,'테스트','<h1>테스트 내용입니다.</h1>',797,'2025-03-05 06:19:32','2025-03-05 06:19:32'),(66,1,7,'testtest','<h2>testtest</h2>',80,'2025-03-05 06:19:32','2025-03-05 06:19:32'),(67,2,7,'JS_test','<h5><em>JS_test<span class=\"ql-cursor\">﻿</span></em></h5>',12,'2025-03-05 06:19:32','2025-03-05 06:19:32'),(68,3,7,'Java_test','<h1><u>Java_test</u></h1>',816,'2025-03-05 06:19:32','2025-03-05 06:19:32'),(69,4,7,'React_test','<h1><u>React_test</u></h1>',46,'2025-03-05 06:19:32','2025-03-05 06:19:32'),(70,1,1,'test','<h1><u>test</u></h1>',781,'2025-03-05 06:19:32','2025-03-05 06:19:32'),(71,5,1,'MySQL_test','<h1><em>MySQL_test</em><span class=\"ql-cursor\">﻿</span></h1>',765,'2025-03-05 06:19:32','2025-03-05 06:19:32'),(72,6,1,'HTML_test','<h1><s>HTML_test</s></h1>',482,'2025-03-05 06:19:32','2025-03-05 06:19:32'),(73,3,1,'Java_test2','<h1>Java_test2</h1>',115,'2025-03-05 06:19:32','2025-03-05 06:19:32'),(74,1,7,'테스트','<h1>테스트 내용입니다.</h1>',127,'2025-03-05 06:19:32','2025-03-05 06:19:32'),(75,1,7,'testtest','<h2>testtest</h2>',290,'2025-03-05 06:19:32','2025-03-05 06:19:32'),(76,2,7,'JS_test','<h5><em>JS_test<span class=\"ql-cursor\">﻿</span></em></h5>',69,'2025-03-05 06:19:32','2025-03-05 06:19:32'),(77,3,7,'Java_test','<h1><u>Java_test</u></h1>',473,'2025-03-05 06:19:32','2025-03-05 06:19:32'),(78,4,7,'React_test','<h1><u>React_test</u></h1>',156,'2025-03-05 06:19:32','2025-03-05 06:19:32'),(79,1,1,'test','<h1><u>test</u></h1>',364,'2025-03-05 06:19:32','2025-03-05 06:19:32'),(80,5,1,'MySQL_test','<h1><em>MySQL_test</em><span class=\"ql-cursor\">﻿</span></h1>',351,'2025-03-05 06:19:32','2025-03-05 06:19:32'),(81,6,1,'HTML_test','<h1><s>HTML_test</s></h1>',661,'2025-03-05 06:19:32','2025-03-05 06:19:32'),(82,3,1,'Java_test2','<h1>Java_test2</h1>',253,'2025-03-05 06:19:32','2025-03-05 06:19:32'),(83,1,7,'테스트','<h1>테스트 내용입니다.</h1>',281,'2025-03-05 06:19:32','2025-03-05 06:19:32'),(84,1,7,'testtest','<h2>testtest</h2>',644,'2025-03-05 06:19:32','2025-03-05 06:19:32'),(85,2,7,'JS_test','<h5><em>JS_test<span class=\"ql-cursor\">﻿</span></em></h5>',378,'2025-03-05 06:19:32','2025-03-05 06:19:32'),(86,3,7,'Java_test','<h1><u>Java_test</u></h1>',959,'2025-03-05 06:19:32','2025-03-05 06:19:32'),(87,4,7,'React_test','<h1><u>React_test</u></h1>',659,'2025-03-05 06:19:32','2025-03-05 06:19:32'),(88,1,1,'test','<h1><u>test</u></h1>',416,'2025-03-05 06:19:32','2025-03-05 06:19:32'),(89,5,1,'MySQL_test','<h1><em>MySQL_test</em><span class=\"ql-cursor\">﻿</span></h1>',102,'2025-03-05 06:19:32','2025-03-05 06:19:32'),(90,6,1,'HTML_test','<h1><s>HTML_test</s></h1>',264,'2025-03-05 06:19:32','2025-03-05 06:19:32'),(91,3,1,'Java_test2','<h1>Java_test2</h1>',14,'2025-03-05 06:19:32','2025-03-05 06:19:32'),(119,1,7,'테스트','<h1>테스트 내용입니다.</h1>',277,'2025-03-05 06:19:33','2025-03-05 06:19:33'),(120,1,7,'testtest','<h2>testtest</h2>',341,'2025-03-05 06:19:33','2025-03-05 06:19:33'),(121,2,7,'JS_test','<h5><em>JS_test<span class=\"ql-cursor\">﻿</span></em></h5>',875,'2025-03-05 06:19:33','2025-03-05 06:19:33'),(122,3,7,'Java_test','<h1><u>Java_test</u></h1>',350,'2025-03-05 06:19:33','2025-03-05 06:19:33'),(123,4,7,'React_test','<h1><u>React_test</u></h1>',124,'2025-03-05 06:19:33','2025-03-05 06:19:33'),(124,1,1,'test','<h1><u>test</u></h1>',571,'2025-03-05 06:19:33','2025-03-05 06:19:33'),(125,5,1,'MySQL_test','<h1><em>MySQL_test</em><span class=\"ql-cursor\">﻿</span></h1>',481,'2025-03-05 06:19:33','2025-03-05 06:19:33'),(126,6,1,'HTML_test','<h1><s>HTML_test</s></h1>',694,'2025-03-05 06:19:33','2025-03-05 06:19:33'),(127,3,1,'Java_test2','<h1>Java_test2</h1>',26,'2025-03-05 06:19:33','2025-03-05 06:19:33'),(128,1,7,'테스트','<h1>테스트 내용입니다.</h1>',49,'2025-03-05 06:19:33','2025-03-05 06:19:33'),(129,1,7,'testtest','<h2>testtest</h2>',166,'2025-03-05 06:19:33','2025-03-05 06:19:33'),(130,2,7,'JS_test','<h5><em>JS_test<span class=\"ql-cursor\">﻿</span></em></h5>',680,'2025-03-05 06:19:33','2025-03-05 06:19:33'),(131,3,7,'Java_test','<h1><u>Java_test</u></h1>',902,'2025-03-05 06:19:33','2025-03-05 06:19:33'),(132,4,7,'React_test','<h1><u>React_test</u></h1>',471,'2025-03-05 06:19:33','2025-03-05 06:19:33'),(133,1,1,'test','<h1><u>test</u></h1>',649,'2025-03-05 06:19:33','2025-03-05 06:19:33'),(134,5,1,'MySQL_test','<h1><em>MySQL_test</em><span class=\"ql-cursor\">﻿</span></h1>',830,'2025-03-05 06:19:33','2025-03-05 06:19:33'),(135,6,1,'HTML_test','<h1><s>HTML_test</s></h1>',204,'2025-03-05 06:19:33','2025-03-05 06:19:33'),(136,3,1,'Java_test2','<h1>Java_test2</h1>',529,'2025-03-05 06:19:33','2025-03-05 06:19:33'),(137,1,7,'테스트','<h1>테스트 내용입니다.</h1>',34,'2025-03-05 06:19:33','2025-03-05 06:19:33'),(138,1,7,'testtest','<h2>testtest</h2>',583,'2025-03-05 06:19:33','2025-03-05 06:19:33'),(139,2,7,'JS_test','<h5><em>JS_test<span class=\"ql-cursor\">﻿</span></em></h5>',813,'2025-03-05 06:19:33','2025-03-05 06:19:33'),(140,3,7,'Java_test','<h1><u>Java_test</u></h1>',315,'2025-03-05 06:19:33','2025-03-05 06:19:33'),(141,4,7,'React_test','<h1><u>React_test</u></h1>',134,'2025-03-05 06:19:33','2025-03-05 06:19:33'),(142,1,1,'test','<h1><u>test</u></h1>',725,'2025-03-05 06:19:33','2025-03-05 06:19:33'),(143,5,1,'MySQL_test','<h1><em>MySQL_test</em><span class=\"ql-cursor\">﻿</span></h1>',221,'2025-03-05 06:19:33','2025-03-05 06:19:33'),(144,6,1,'HTML_test','<h1><s>HTML_test</s></h1>',931,'2025-03-05 06:19:33','2025-03-05 06:19:33'),(145,3,1,'Java_test2','<h1>Java_test2</h1>',989,'2025-03-05 06:19:33','2025-03-05 06:19:33'),(146,1,7,'테스트','<h1>테스트 내용입니다.</h1>',155,'2025-03-05 06:19:33','2025-03-05 06:19:33'),(147,1,7,'testtest','<h2>testtest</h2>',806,'2025-03-05 06:19:33','2025-03-05 06:19:33'),(148,2,7,'JS_test','<h5><em>JS_test<span class=\"ql-cursor\">﻿</span></em></h5>',563,'2025-03-05 06:19:33','2025-03-05 06:19:33'),(149,3,7,'Java_test','<h1><u>Java_test</u></h1>',398,'2025-03-05 06:19:33','2025-03-05 06:19:33'),(150,4,7,'React_test','<h1><u>React_test</u></h1>',298,'2025-03-05 06:19:33','2025-03-05 06:19:33'),(151,1,1,'test','<h1><u>test</u></h1>',299,'2025-03-05 06:19:33','2025-03-05 06:19:33'),(152,5,1,'MySQL_test','<h1><em>MySQL_test</em><span class=\"ql-cursor\">﻿</span></h1>',598,'2025-03-05 06:19:33','2025-03-05 06:19:33'),(153,6,1,'HTML_test','<h1><s>HTML_test</s></h1>',94,'2025-03-05 06:19:33','2025-03-05 06:19:33'),(154,3,1,'Java_test2','<h1>Java_test2</h1>',674,'2025-03-05 06:19:33','2025-03-05 06:19:33'),(155,1,7,'테스트','<h1>테스트 내용입니다.</h1>',87,'2025-03-05 06:19:33','2025-03-05 06:19:33'),(156,1,7,'testtest','<h2>testtest</h2>',413,'2025-03-05 06:19:33','2025-03-05 06:19:33'),(157,2,7,'JS_test','<h5><em>JS_test<span class=\"ql-cursor\">﻿</span></em></h5>',805,'2025-03-05 06:19:33','2025-03-05 06:19:33'),(158,3,7,'Java_test','<h1><u>Java_test</u></h1>',787,'2025-03-05 06:19:33','2025-03-05 06:19:33'),(159,4,7,'React_test','<h1><u>React_test</u></h1>',516,'2025-03-05 06:19:33','2025-03-05 06:19:33'),(160,1,1,'test','<h1><u>test</u></h1>',220,'2025-03-05 06:19:33','2025-03-05 06:19:33'),(161,5,1,'MySQL_test','<h1><em>MySQL_test</em><span class=\"ql-cursor\">﻿</span></h1>',550,'2025-03-05 06:19:33','2025-03-05 06:19:33'),(162,6,1,'HTML_test','<h1><s>HTML_test</s></h1>',89,'2025-03-05 06:19:33','2025-03-05 06:19:33'),(163,3,1,'Java_test2','<h1>Java_test2</h1>',796,'2025-03-05 06:19:33','2025-03-05 06:19:33'),(164,1,7,'테스트','<h1>테스트 내용입니다.</h1>',710,'2025-03-05 06:19:33','2025-03-05 06:19:33'),(165,1,7,'testtest','<h2>testtest</h2>',164,'2025-03-05 06:19:33','2025-03-05 06:19:33'),(166,2,7,'JS_test','<h5><em>JS_test<span class=\"ql-cursor\">﻿</span></em></h5>',687,'2025-03-05 06:19:33','2025-03-05 06:19:33'),(167,3,7,'Java_test','<h1><u>Java_test</u></h1>',946,'2025-03-05 06:19:33','2025-03-05 06:19:33'),(168,4,7,'React_test','<h1><u>React_test</u></h1>',666,'2025-03-05 06:19:33','2025-03-05 06:19:33'),(169,1,1,'test','<h1><u>test</u></h1>',494,'2025-03-05 06:19:33','2025-03-05 06:19:33'),(170,5,1,'MySQL_test','<h1><em>MySQL_test</em><span class=\"ql-cursor\">﻿</span></h1>',468,'2025-03-05 06:19:33','2025-03-05 06:19:33'),(171,6,1,'HTML_test','<h1><s>HTML_test</s></h1>',861,'2025-03-05 06:19:33','2025-03-05 06:19:33'),(172,3,1,'Java_test2','<h1>Java_test2</h1>',897,'2025-03-05 06:19:33','2025-03-05 06:19:33'),(173,1,7,'테스트','<h1>테스트 내용입니다.</h1>',905,'2025-03-05 06:19:33','2025-03-05 06:19:33'),(174,1,7,'testtest','<h2>testtest</h2>',830,'2025-03-05 06:19:33','2025-03-05 06:19:33'),(175,2,7,'JS_test','<h5><em>JS_test<span class=\"ql-cursor\">﻿</span></em></h5>',436,'2025-03-05 06:19:33','2025-03-05 06:19:33'),(176,3,7,'Java_test','<h1><u>Java_test</u></h1>',688,'2025-03-05 06:19:33','2025-03-05 06:19:33'),(177,4,7,'React_test','<h1><u>React_test</u></h1>',134,'2025-03-05 06:19:33','2025-03-05 06:19:33'),(178,1,1,'test','<h1><u>test</u></h1>',605,'2025-03-05 06:19:33','2025-03-05 06:19:33'),(179,5,1,'MySQL_test','<h1><em>MySQL_test</em><span class=\"ql-cursor\">﻿</span></h1>',622,'2025-03-05 06:19:33','2025-03-05 06:19:33'),(180,6,1,'HTML_test','<h1><s>HTML_test</s></h1>',295,'2025-03-05 06:19:33','2025-03-05 06:19:33'),(181,3,1,'Java_test2','<h1>Java_test2</h1>',607,'2025-03-05 06:19:33','2025-03-05 06:19:33'),(182,1,7,'테스트','<h1>테스트 내용입니다.</h1>',148,'2025-03-05 06:19:33','2025-03-05 06:19:33'),(183,1,7,'testtest','<h2>testtest</h2>',921,'2025-03-05 06:19:33','2025-03-05 06:19:33'),(184,2,7,'JS_test','<h5><em>JS_test<span class=\"ql-cursor\">﻿</span></em></h5>',160,'2025-03-05 06:19:33','2025-03-05 06:19:33'),(185,3,7,'Java_test','<h1><u>Java_test</u></h1>',36,'2025-03-05 06:19:33','2025-03-05 06:19:33'),(186,4,7,'React_test','<h1><u>React_test</u></h1>',700,'2025-03-05 06:19:33','2025-03-05 06:19:33'),(187,1,1,'test','<h1><u>test</u></h1>',392,'2025-03-05 06:19:33','2025-03-05 06:19:33'),(188,5,1,'MySQL_test','<h1><em>MySQL_test</em><span class=\"ql-cursor\">﻿</span></h1>',857,'2025-03-05 06:19:33','2025-03-05 06:19:33'),(189,6,1,'HTML_test','<h1><s>HTML_test</s></h1>',110,'2025-03-05 06:19:33','2025-03-05 06:19:33'),(190,3,1,'Java_test2','<h1>Java_test2</h1>',979,'2025-03-05 06:19:33','2025-03-05 06:19:33'),(246,1,7,'테스트','<h1>테스트 내용입니다.</h1>',562,'2025-03-05 06:19:33','2025-03-05 06:19:33'),(247,1,7,'testtest','<h2>testtest</h2>',875,'2025-03-05 06:19:33','2025-03-05 06:19:33'),(248,2,7,'JS_test','<h5><em>JS_test<span class=\"ql-cursor\">﻿</span></em></h5>',689,'2025-03-05 06:19:33','2025-03-05 06:19:33'),(249,3,7,'Java_test','<h1><u>Java_test</u></h1>',817,'2025-03-05 06:19:33','2025-03-05 06:19:33'),(250,4,7,'React_test','<h1><u>React_test</u></h1>',17,'2025-03-05 06:19:33','2025-03-05 06:19:33'),(251,1,1,'test','<h1><u>test</u></h1>',634,'2025-03-05 06:19:33','2025-03-05 06:19:33'),(252,5,1,'MySQL_test','<h1><em>MySQL_test</em><span class=\"ql-cursor\">﻿</span></h1>',118,'2025-03-05 06:19:33','2025-03-05 06:19:33'),(253,6,1,'HTML_test','<h1><s>HTML_test</s></h1>',688,'2025-03-05 06:19:33','2025-03-05 06:19:33'),(254,3,1,'Java_test2','<h1>Java_test2</h1>',86,'2025-03-05 06:19:33','2025-03-05 06:19:33'),(255,1,7,'테스트','<h1>테스트 내용입니다.</h1>',363,'2025-03-05 06:19:33','2025-03-05 06:19:33'),(256,1,7,'testtest','<h2>testtest</h2>',559,'2025-03-05 06:19:33','2025-03-05 06:19:33'),(257,2,7,'JS_test','<h5><em>JS_test<span class=\"ql-cursor\">﻿</span></em></h5>',707,'2025-03-05 06:19:33','2025-03-05 06:19:33'),(258,3,7,'Java_test','<h1><u>Java_test</u></h1>',854,'2025-03-05 06:19:33','2025-03-05 06:19:33'),(259,4,7,'React_test','<h1><u>React_test</u></h1>',150,'2025-03-05 06:19:33','2025-03-05 06:19:33'),(260,1,1,'test','<h1><u>test</u></h1>',186,'2025-03-05 06:19:33','2025-03-05 06:19:33'),(261,5,1,'MySQL_test','<h1><em>MySQL_test</em><span class=\"ql-cursor\">﻿</span></h1>',482,'2025-03-05 06:19:33','2025-03-05 06:19:33'),(262,6,1,'HTML_test','<h1><s>HTML_test</s></h1>',849,'2025-03-05 06:19:33','2025-03-05 06:19:33'),(263,3,1,'Java_test2','<h1>Java_test2</h1>',798,'2025-03-05 06:19:33','2025-03-05 06:19:33'),(264,1,7,'테스트','<h1>테스트 내용입니다.</h1>',444,'2025-03-05 06:19:33','2025-03-05 06:19:33'),(265,1,7,'testtest','<h2>testtest</h2>',825,'2025-03-05 06:19:33','2025-03-05 06:19:33'),(266,2,7,'JS_test','<h5><em>JS_test<span class=\"ql-cursor\">﻿</span></em></h5>',792,'2025-03-05 06:19:33','2025-03-05 06:19:33'),(267,3,7,'Java_test','<h1><u>Java_test</u></h1>',483,'2025-03-05 06:19:33','2025-03-05 06:19:33'),(268,4,7,'React_test','<h1><u>React_test</u></h1>',42,'2025-03-05 06:19:33','2025-03-05 06:19:33'),(269,1,1,'test','<h1><u>test</u></h1>',758,'2025-03-05 06:19:33','2025-03-05 06:19:33'),(270,5,1,'MySQL_test','<h1><em>MySQL_test</em><span class=\"ql-cursor\">﻿</span></h1>',662,'2025-03-05 06:19:33','2025-03-05 06:19:33'),(271,6,1,'HTML_test','<h1><s>HTML_test</s></h1>',38,'2025-03-05 06:19:33','2025-03-05 06:19:33'),(272,3,1,'Java_test2','<h1>Java_test2</h1>',205,'2025-03-05 06:19:33','2025-03-05 06:19:33'),(273,1,7,'테스트','<h1>테스트 내용입니다.</h1>',907,'2025-03-05 06:19:33','2025-03-05 06:19:33'),(274,1,7,'testtest','<h2>testtest</h2>',923,'2025-03-05 06:19:33','2025-03-05 06:19:33'),(275,2,7,'JS_test','<h5><em>JS_test<span class=\"ql-cursor\">﻿</span></em></h5>',891,'2025-03-05 06:19:33','2025-03-05 06:19:33'),(276,3,7,'Java_test','<h1><u>Java_test</u></h1>',686,'2025-03-05 06:19:33','2025-03-05 06:19:33'),(277,4,7,'React_test','<h1><u>React_test</u></h1>',756,'2025-03-05 06:19:33','2025-03-05 06:19:33'),(278,1,1,'test','<h1><u>test</u></h1>',720,'2025-03-05 06:19:33','2025-03-05 06:19:33'),(279,5,1,'MySQL_test','<h1><em>MySQL_test</em><span class=\"ql-cursor\">﻿</span></h1>',334,'2025-03-05 06:19:33','2025-03-05 06:19:33'),(280,6,1,'HTML_test','<h1><s>HTML_test</s></h1>',508,'2025-03-05 06:19:33','2025-03-05 06:19:33'),(281,3,1,'Java_test2','<h1>Java_test2</h1>',540,'2025-03-05 06:19:33','2025-03-05 06:19:33'),(282,1,7,'테스트','<h1>테스트 내용입니다.</h1>',174,'2025-03-05 06:19:33','2025-03-05 06:19:33'),(283,1,7,'testtest','<h2>testtest</h2>',250,'2025-03-05 06:19:33','2025-03-05 06:19:33'),(284,2,7,'JS_test','<h5><em>JS_test<span class=\"ql-cursor\">﻿</span></em></h5>',728,'2025-03-05 06:19:33','2025-03-05 06:19:33'),(285,3,7,'Java_test','<h1><u>Java_test</u></h1>',891,'2025-03-05 06:19:33','2025-03-05 06:19:33'),(286,4,7,'React_test','<h1><u>React_test</u></h1>',269,'2025-03-05 06:19:33','2025-03-05 06:19:33'),(287,1,1,'test','<h1><u>test</u></h1>',670,'2025-03-05 06:19:33','2025-03-05 06:19:33'),(288,5,1,'MySQL_test','<h1><em>MySQL_test</em><span class=\"ql-cursor\">﻿</span></h1>',544,'2025-03-05 06:19:33','2025-03-05 06:19:33'),(289,6,1,'HTML_test','<h1><s>HTML_test</s></h1>',709,'2025-03-05 06:19:33','2025-03-05 06:19:33'),(290,3,1,'Java_test2','<h1>Java_test2</h1>',914,'2025-03-05 06:19:33','2025-03-05 06:19:33'),(291,1,7,'테스트','<h1>테스트 내용입니다.</h1>',441,'2025-03-05 06:19:33','2025-03-05 06:19:33'),(292,1,7,'testtest','<h2>testtest</h2>',464,'2025-03-05 06:19:33','2025-03-05 06:19:33'),(293,2,7,'JS_test','<h5><em>JS_test<span class=\"ql-cursor\">﻿</span></em></h5>',994,'2025-03-05 06:19:33','2025-03-05 06:19:33'),(294,3,7,'Java_test','<h1><u>Java_test</u></h1>',580,'2025-03-05 06:19:33','2025-03-05 06:19:33'),(295,4,7,'React_test','<h1><u>React_test</u></h1>',915,'2025-03-05 06:19:33','2025-03-05 06:19:33'),(296,1,1,'test','<h1><u>test</u></h1>',836,'2025-03-05 06:19:33','2025-03-05 06:19:33'),(297,5,1,'MySQL_test','<h1><em>MySQL_test</em><span class=\"ql-cursor\">﻿</span></h1>',433,'2025-03-05 06:19:33','2025-03-05 06:19:33'),(298,6,1,'HTML_test','<h1><s>HTML_test</s></h1>',657,'2025-03-05 06:19:33','2025-03-05 06:19:33'),(299,3,1,'Java_test2','<h1>Java_test2</h1>',987,'2025-03-05 06:19:33','2025-03-05 06:19:33'),(300,1,7,'테스트','<h1>테스트 내용입니다.</h1>',963,'2025-03-05 06:19:33','2025-03-05 06:19:33'),(301,1,7,'testtest','<h2>testtest</h2>',854,'2025-03-05 06:19:33','2025-03-05 06:19:33'),(302,2,7,'JS_test','<h5><em>JS_test<span class=\"ql-cursor\">﻿</span></em></h5>',382,'2025-03-05 06:19:33','2025-03-05 06:19:33'),(303,3,7,'Java_test','<h1><u>Java_test</u></h1>',346,'2025-03-05 06:19:33','2025-03-05 06:19:33'),(304,4,7,'React_test','<h1><u>React_test</u></h1>',582,'2025-03-05 06:19:33','2025-03-05 06:19:33'),(305,1,1,'test','<h1><u>test</u></h1>',872,'2025-03-05 06:19:33','2025-03-05 06:19:33'),(306,5,1,'MySQL_test','<h1><em>MySQL_test</em><span class=\"ql-cursor\">﻿</span></h1>',612,'2025-03-05 06:19:33','2025-03-05 06:19:33'),(307,6,1,'HTML_test','<h1><s>HTML_test</s></h1>',447,'2025-03-05 06:19:33','2025-03-05 06:19:33'),(308,3,1,'Java_test2','<h1>Java_test2</h1>',395,'2025-03-05 06:19:33','2025-03-05 06:19:33'),(309,1,7,'테스트','<h1>테스트 내용입니다.</h1>',636,'2025-03-05 06:19:33','2025-03-05 06:19:33'),(310,1,7,'testtest','<h2>testtest</h2>',994,'2025-03-05 06:19:33','2025-03-05 06:19:33'),(311,2,7,'JS_test','<h5><em>JS_test<span class=\"ql-cursor\">﻿</span></em></h5>',61,'2025-03-05 06:19:33','2025-03-05 06:19:33'),(312,3,7,'Java_test','<h1><u>Java_test</u></h1>',323,'2025-03-05 06:19:33','2025-03-05 06:19:33'),(313,4,7,'React_test','<h1><u>React_test</u></h1>',431,'2025-03-05 06:19:33','2025-03-05 06:19:33'),(314,1,1,'test','<h1><u>test</u></h1>',187,'2025-03-05 06:19:33','2025-03-05 06:19:33'),(315,5,1,'MySQL_test','<h1><em>MySQL_test</em><span class=\"ql-cursor\">﻿</span></h1>',639,'2025-03-05 06:19:33','2025-03-05 06:19:33'),(316,6,1,'HTML_test','<h1><s>HTML_test</s></h1>',634,'2025-03-05 06:19:33','2025-03-05 06:19:33'),(317,3,1,'Java_test2','<h1>Java_test2</h1>',251,'2025-03-05 06:19:33','2025-03-05 06:19:33'),(318,1,7,'테스트','<h1>테스트 내용입니다.</h1>',356,'2025-03-05 06:19:33','2025-03-05 06:19:33'),(319,1,7,'testtest','<h2>testtest</h2>',23,'2025-03-05 06:19:33','2025-03-05 06:19:33'),(320,2,7,'JS_test','<h5><em>JS_test<span class=\"ql-cursor\">﻿</span></em></h5>',50,'2025-03-05 06:19:33','2025-03-05 06:19:33'),(321,3,7,'Java_test','<h1><u>Java_test</u></h1>',178,'2025-03-05 06:19:33','2025-03-05 06:19:33'),(322,4,7,'React_test','<h1><u>React_test</u></h1>',742,'2025-03-05 06:19:33','2025-03-05 06:19:33'),(323,1,1,'test','<h1><u>test</u></h1>',175,'2025-03-05 06:19:33','2025-03-05 06:19:33'),(324,5,1,'MySQL_test','<h1><em>MySQL_test</em><span class=\"ql-cursor\">﻿</span></h1>',650,'2025-03-05 06:19:33','2025-03-05 06:19:33'),(325,6,1,'HTML_test','<h1><s>HTML_test</s></h1>',722,'2025-03-05 06:19:33','2025-03-05 06:19:33'),(326,3,1,'Java_test2','<h1>Java_test2</h1>',658,'2025-03-05 06:19:33','2025-03-05 06:19:33'),(327,1,7,'테스트','<h1>테스트 내용입니다.</h1>',126,'2025-03-05 06:19:33','2025-03-05 06:19:33'),(328,1,7,'testtest','<h2>testtest</h2>',654,'2025-03-05 06:19:33','2025-03-05 06:19:33'),(329,2,7,'JS_test','<h5><em>JS_test<span class=\"ql-cursor\">﻿</span></em></h5>',891,'2025-03-05 06:19:33','2025-03-05 06:19:33'),(330,3,7,'Java_test','<h1><u>Java_test</u></h1>',493,'2025-03-05 06:19:33','2025-03-05 06:19:33'),(331,4,7,'React_test','<h1><u>React_test</u></h1>',793,'2025-03-05 06:19:33','2025-03-05 06:19:33'),(332,1,1,'test','<h1><u>test</u></h1>',483,'2025-03-05 06:19:33','2025-03-05 06:19:33'),(333,5,1,'MySQL_test','<h1><em>MySQL_test</em><span class=\"ql-cursor\">﻿</span></h1>',37,'2025-03-05 06:19:33','2025-03-05 06:19:33'),(334,6,1,'HTML_test','<h1><s>HTML_test</s></h1>',734,'2025-03-05 06:19:33','2025-03-05 06:19:33'),(335,3,1,'Java_test2','<h1>Java_test2</h1>',558,'2025-03-05 06:19:33','2025-03-05 06:19:33'),(336,1,7,'테스트','<h1>테스트 내용입니다.</h1>',588,'2025-03-05 06:19:33','2025-03-05 06:19:33'),(337,1,7,'testtest','<h2>testtest</h2>',267,'2025-03-05 06:19:33','2025-03-05 06:19:33'),(338,2,7,'JS_test','<h5><em>JS_test<span class=\"ql-cursor\">﻿</span></em></h5>',571,'2025-03-05 06:19:33','2025-03-05 06:19:33'),(339,3,7,'Java_test','<h1><u>Java_test</u></h1>',52,'2025-03-05 06:19:33','2025-03-05 06:19:33'),(340,4,7,'React_test','<h1><u>React_test</u></h1>',547,'2025-03-05 06:19:33','2025-03-05 06:19:33'),(341,1,1,'test','<h1><u>test</u></h1>',578,'2025-03-05 06:19:33','2025-03-05 06:19:33'),(342,5,1,'MySQL_test','<h1><em>MySQL_test</em><span class=\"ql-cursor\">﻿</span></h1>',248,'2025-03-05 06:19:33','2025-03-05 06:19:33'),(343,6,1,'HTML_test','<h1><s>HTML_test</s></h1>',504,'2025-03-05 06:19:33','2025-03-05 06:19:33'),(344,3,1,'Java_test2','<h1>Java_test2</h1>',777,'2025-03-05 06:19:33','2025-03-05 06:19:33'),(345,1,7,'테스트','<h1>테스트 내용입니다.</h1>',373,'2025-03-05 06:19:33','2025-03-05 06:19:33'),(346,1,7,'testtest','<h2>testtest</h2>',532,'2025-03-05 06:19:33','2025-03-05 06:19:33'),(347,2,7,'JS_test','<h5><em>JS_test<span class=\"ql-cursor\">﻿</span></em></h5>',542,'2025-03-05 06:19:33','2025-03-05 06:19:33'),(348,3,7,'Java_test','<h1><u>Java_test</u></h1>',115,'2025-03-05 06:19:33','2025-03-05 06:19:33'),(349,4,7,'React_test','<h1><u>React_test</u></h1>',946,'2025-03-05 06:19:33','2025-03-05 06:19:33'),(350,1,1,'test','<h1><u>test</u></h1>',387,'2025-03-05 06:19:33','2025-03-05 06:19:33'),(351,5,1,'MySQL_test','<h1><em>MySQL_test</em><span class=\"ql-cursor\">﻿</span></h1>',94,'2025-03-05 06:19:33','2025-03-05 06:19:33'),(352,6,1,'HTML_test','<h1><s>HTML_test</s></h1>',310,'2025-03-05 06:19:33','2025-03-05 06:19:33'),(353,3,1,'Java_test2','<h1>Java_test2</h1>',265,'2025-03-05 06:19:33','2025-03-05 06:19:33'),(354,1,7,'테스트','<h1>테스트 내용입니다.</h1>',398,'2025-03-05 06:19:33','2025-03-05 06:19:33'),(355,1,7,'testtest','<h2>testtest</h2>',191,'2025-03-05 06:19:33','2025-03-05 06:19:33'),(356,2,7,'JS_test','<h5><em>JS_test<span class=\"ql-cursor\">﻿</span></em></h5>',764,'2025-03-05 06:19:33','2025-03-05 06:19:33'),(357,3,7,'Java_test','<h1><u>Java_test</u></h1>',244,'2025-03-05 06:19:33','2025-03-05 06:19:33'),(358,4,7,'React_test','<h1><u>React_test</u></h1>',927,'2025-03-05 06:19:33','2025-03-05 06:19:33'),(359,1,1,'test','<h1><u>test</u></h1>',905,'2025-03-05 06:19:33','2025-03-05 06:19:33'),(360,5,1,'MySQL_test','<h1><em>MySQL_test</em><span class=\"ql-cursor\">﻿</span></h1>',744,'2025-03-05 06:19:33','2025-03-05 06:19:33'),(361,6,1,'HTML_test','<h1><s>HTML_test</s></h1>',2,'2025-03-05 06:19:33','2025-03-05 06:19:33'),(362,3,1,'Java_test2','<h1>Java_test2</h1>',778,'2025-03-05 06:19:33','2025-03-05 06:19:33'),(363,1,7,'테스트','<h1>테스트 내용입니다.</h1>',882,'2025-03-05 06:19:33','2025-03-05 06:19:33'),(364,1,7,'testtest','<h2>testtest</h2>',76,'2025-03-05 06:19:33','2025-03-05 06:19:33'),(365,2,7,'JS_test','<h5><em>JS_test<span class=\"ql-cursor\">﻿</span></em></h5>',734,'2025-03-05 06:19:33','2025-03-05 06:19:33'),(366,3,7,'Java_test','<h1><u>Java_test</u></h1>',442,'2025-03-05 06:19:33','2025-03-05 06:19:33'),(367,4,7,'React_test','<h1><u>React_test</u></h1>',7,'2025-03-05 06:19:33','2025-03-05 06:19:33'),(368,1,1,'test','<h1><u>test</u></h1>',709,'2025-03-05 06:19:33','2025-03-05 06:19:33'),(369,5,1,'MySQL_test','<h1><em>MySQL_test</em><span class=\"ql-cursor\">﻿</span></h1>',522,'2025-03-05 06:19:33','2025-03-05 06:19:33'),(370,6,1,'HTML_test','<h1><s>HTML_test</s></h1>',484,'2025-03-05 06:19:33','2025-03-05 06:19:33'),(371,3,1,'Java_test2','<h1>Java_test2</h1>',852,'2025-03-05 06:19:33','2025-03-05 06:19:33'),(372,1,7,'테스트','<h1>테스트 내용입니다.</h1>',807,'2025-03-05 06:19:33','2025-03-05 06:19:33'),(373,1,7,'testtest','<h2>testtest</h2>',477,'2025-03-05 06:19:33','2025-03-05 06:19:33'),(374,2,7,'JS_test','<h5><em>JS_test<span class=\"ql-cursor\">﻿</span></em></h5>',967,'2025-03-05 06:19:33','2025-03-05 06:19:33'),(375,3,7,'Java_test','<h1><u>Java_test</u></h1>',403,'2025-03-05 06:19:33','2025-03-05 06:19:33'),(376,4,7,'React_test','<h1><u>React_test</u></h1>',114,'2025-03-05 06:19:33','2025-03-05 06:19:33'),(377,1,1,'test','<h1><u>test</u></h1>',359,'2025-03-05 06:19:33','2025-03-05 06:19:33'),(378,5,1,'MySQL_test','<h1><em>MySQL_test</em><span class=\"ql-cursor\">﻿</span></h1>',451,'2025-03-05 06:19:33','2025-03-05 06:19:33'),(379,6,1,'HTML_test','<h1><s>HTML_test</s></h1>',180,'2025-03-05 06:19:33','2025-03-05 06:19:33'),(380,3,1,'Java_test2','<h1>Java_test2</h1>',544,'2025-03-05 06:19:33','2025-03-05 06:19:33'),(381,1,7,'테스트','<h1>테스트 내용입니다.</h1>',179,'2025-03-05 06:19:33','2025-03-05 06:19:33'),(382,1,7,'testtest','<h2>testtest</h2>',264,'2025-03-05 06:19:33','2025-03-05 06:19:33'),(383,2,7,'JS_test','<h5><em>JS_test<span class=\"ql-cursor\">﻿</span></em></h5>',781,'2025-03-05 06:19:33','2025-03-05 06:19:33'),(384,3,7,'Java_test','<h1><u>Java_test</u></h1>',112,'2025-03-05 06:19:33','2025-03-05 06:19:33'),(385,4,7,'React_test','<h1><u>React_test</u></h1>',218,'2025-03-05 06:19:33','2025-03-05 06:19:33'),(386,1,1,'test','<h1><u>test</u></h1>',752,'2025-03-05 06:19:33','2025-03-05 06:19:33'),(387,5,1,'MySQL_test','<h1><em>MySQL_test</em><span class=\"ql-cursor\">﻿</span></h1>',107,'2025-03-05 06:19:33','2025-03-05 06:19:33'),(388,6,1,'HTML_test','<h1><s>HTML_test</s></h1>',276,'2025-03-05 06:19:33','2025-03-05 06:19:33'),(389,3,1,'Java_test2','<h1>Java_test2</h1>',62,'2025-03-05 06:19:33','2025-03-05 06:19:33'),(501,1,7,'테스트','<h1>테스트 내용입니다.</h1>',478,'2025-03-05 06:19:33','2025-03-05 06:19:33'),(502,1,7,'testtest','<h2>testtest</h2>',205,'2025-03-05 06:19:33','2025-03-05 06:19:33'),(503,2,7,'JS_test','<h5><em>JS_test<span class=\"ql-cursor\">﻿</span></em></h5>',589,'2025-03-05 06:19:33','2025-03-05 06:19:33'),(504,3,7,'Java_test','<h1><u>Java_test</u></h1>',332,'2025-03-05 06:19:33','2025-03-05 06:19:33'),(505,4,7,'React_test','<h1><u>React_test</u></h1>',890,'2025-03-05 06:19:33','2025-03-05 06:19:33'),(506,1,1,'test','<h1><u>test</u></h1>',456,'2025-03-05 06:19:33','2025-03-05 06:19:33'),(507,5,1,'MySQL_test','<h1><em>MySQL_test</em><span class=\"ql-cursor\">﻿</span></h1>',609,'2025-03-05 06:19:33','2025-03-05 06:19:33'),(508,6,1,'HTML_test','<h1><s>HTML_test</s></h1>',677,'2025-03-05 06:19:33','2025-03-05 06:19:33'),(509,3,1,'Java_test2','<h1>Java_test2</h1>',555,'2025-03-05 06:19:33','2025-03-05 06:19:33'),(510,1,7,'테스트','<h1>테스트 내용입니다.</h1>',747,'2025-03-05 06:19:33','2025-03-05 06:19:33'),(511,1,7,'testtest','<h2>testtest</h2>',67,'2025-03-05 06:19:33','2025-03-05 06:19:33'),(512,2,7,'JS_test','<h5><em>JS_test<span class=\"ql-cursor\">﻿</span></em></h5>',94,'2025-03-05 06:19:33','2025-03-05 06:19:33'),(513,3,7,'Java_test','<h1><u>Java_test</u></h1>',268,'2025-03-05 06:19:33','2025-03-05 06:19:33'),(514,4,7,'React_test','<h1><u>React_test</u></h1>',56,'2025-03-05 06:19:33','2025-03-05 06:19:33'),(515,1,1,'test','<h1><u>test</u></h1>',477,'2025-03-05 06:19:33','2025-03-05 06:19:33'),(516,5,1,'MySQL_test','<h1><em>MySQL_test</em><span class=\"ql-cursor\">﻿</span></h1>',214,'2025-03-05 06:19:33','2025-03-05 06:19:33'),(517,6,1,'HTML_test','<h1><s>HTML_test</s></h1>',641,'2025-03-05 06:19:33','2025-03-05 06:19:33'),(518,3,1,'Java_test2','<h1>Java_test2</h1>',563,'2025-03-05 06:19:33','2025-03-05 06:19:33'),(519,1,7,'테스트','<h1>테스트 내용입니다.</h1>',893,'2025-03-05 06:19:33','2025-03-05 06:19:33'),(520,1,7,'testtest','<h2>testtest</h2>',772,'2025-03-05 06:19:33','2025-03-05 06:19:33'),(521,2,7,'JS_test','<h5><em>JS_test<span class=\"ql-cursor\">﻿</span></em></h5>',184,'2025-03-05 06:19:33','2025-03-05 06:19:33'),(522,3,7,'Java_test','<h1><u>Java_test</u></h1>',600,'2025-03-05 06:19:33','2025-03-05 06:19:33'),(523,4,7,'React_test','<h1><u>React_test</u></h1>',450,'2025-03-05 06:19:33','2025-03-05 06:19:33'),(524,1,1,'test','<h1><u>test</u></h1>',451,'2025-03-05 06:19:33','2025-03-05 06:19:33'),(525,5,1,'MySQL_test','<h1><em>MySQL_test</em><span class=\"ql-cursor\">﻿</span></h1>',901,'2025-03-05 06:19:33','2025-03-05 06:19:33'),(526,6,1,'HTML_test','<h1><s>HTML_test</s></h1>',155,'2025-03-05 06:19:33','2025-03-05 06:19:33'),(527,3,1,'Java_test2','<h1>Java_test2</h1>',69,'2025-03-05 06:19:33','2025-03-05 06:19:33'),(528,1,7,'테스트','<h1>테스트 내용입니다.</h1>',882,'2025-03-05 06:19:33','2025-03-05 06:19:33'),(529,1,7,'testtest','<h2>testtest</h2>',200,'2025-03-05 06:19:33','2025-03-05 06:19:33'),(530,2,7,'JS_test','<h5><em>JS_test<span class=\"ql-cursor\">﻿</span></em></h5>',354,'2025-03-05 06:19:33','2025-03-05 06:19:33'),(531,3,7,'Java_test','<h1><u>Java_test</u></h1>',171,'2025-03-05 06:19:33','2025-03-05 06:19:33'),(532,4,7,'React_test','<h1><u>React_test</u></h1>',793,'2025-03-05 06:19:33','2025-03-05 06:19:33'),(533,1,1,'test','<h1><u>test</u></h1>',452,'2025-03-05 06:19:33','2025-03-05 06:19:33'),(534,5,1,'MySQL_test','<h1><em>MySQL_test</em><span class=\"ql-cursor\">﻿</span></h1>',879,'2025-03-05 06:19:33','2025-03-05 06:19:33'),(535,6,1,'HTML_test','<h1><s>HTML_test</s></h1>',39,'2025-03-05 06:19:33','2025-03-05 06:19:33'),(536,3,1,'Java_test2','<h1>Java_test2</h1>',559,'2025-03-05 06:19:33','2025-03-05 06:19:33'),(537,1,7,'테스트','<h1>테스트 내용입니다.</h1>',675,'2025-03-05 06:19:33','2025-03-05 06:19:33'),(538,1,7,'testtest','<h2>testtest</h2>',698,'2025-03-05 06:19:33','2025-03-05 06:19:33'),(539,2,7,'JS_test','<h5><em>JS_test<span class=\"ql-cursor\">﻿</span></em></h5>',464,'2025-03-05 06:19:33','2025-03-05 06:19:33'),(540,3,7,'Java_test','<h1><u>Java_test</u></h1>',228,'2025-03-05 06:19:33','2025-03-05 06:19:33'),(541,4,7,'React_test','<h1><u>React_test</u></h1>',746,'2025-03-05 06:19:33','2025-03-05 06:19:33'),(542,1,1,'test','<h1><u>test</u></h1>',45,'2025-03-05 06:19:33','2025-03-05 06:19:33'),(543,5,1,'MySQL_test','<h1><em>MySQL_test</em><span class=\"ql-cursor\">﻿</span></h1>',987,'2025-03-05 06:19:33','2025-03-05 06:19:33'),(544,6,1,'HTML_test','<h1><s>HTML_test</s></h1>',800,'2025-03-05 06:19:33','2025-03-05 06:19:33'),(545,3,1,'Java_test2','<h1>Java_test2</h1>',39,'2025-03-05 06:19:33','2025-03-05 06:19:33'),(546,1,7,'테스트','<h1>테스트 내용입니다.</h1>',794,'2025-03-05 06:19:33','2025-03-05 06:19:33'),(547,1,7,'testtest','<h2>testtest</h2>',851,'2025-03-05 06:19:33','2025-03-05 06:19:33'),(548,2,7,'JS_test','<h5><em>JS_test<span class=\"ql-cursor\">﻿</span></em></h5>',874,'2025-03-05 06:19:33','2025-03-05 06:19:33'),(549,3,7,'Java_test','<h1><u>Java_test</u></h1>',816,'2025-03-05 06:19:33','2025-03-05 06:19:33'),(550,4,7,'React_test','<h1><u>React_test</u></h1>',459,'2025-03-05 06:19:33','2025-03-05 06:19:33'),(551,1,1,'test','<h1><u>test</u></h1>',845,'2025-03-05 06:19:33','2025-03-05 06:19:33'),(552,5,1,'MySQL_test','<h1><em>MySQL_test</em><span class=\"ql-cursor\">﻿</span></h1>',848,'2025-03-05 06:19:33','2025-03-05 06:19:33'),(553,6,1,'HTML_test','<h1><s>HTML_test</s></h1>',703,'2025-03-05 06:19:33','2025-03-05 06:19:33'),(554,3,1,'Java_test2','<h1>Java_test2</h1>',972,'2025-03-05 06:19:33','2025-03-05 06:19:33'),(555,1,7,'테스트','<h1>테스트 내용입니다.</h1>',752,'2025-03-05 06:19:33','2025-03-05 06:19:33'),(556,1,7,'testtest','<h2>testtest</h2>',841,'2025-03-05 06:19:33','2025-03-05 06:19:33'),(557,2,7,'JS_test','<h5><em>JS_test<span class=\"ql-cursor\">﻿</span></em></h5>',949,'2025-03-05 06:19:33','2025-03-05 06:19:33'),(558,3,7,'Java_test','<h1><u>Java_test</u></h1>',220,'2025-03-05 06:19:33','2025-03-05 06:19:33'),(559,4,7,'React_test','<h1><u>React_test</u></h1>',252,'2025-03-05 06:19:33','2025-03-05 06:19:33'),(560,1,1,'test','<h1><u>test</u></h1>',603,'2025-03-05 06:19:33','2025-03-05 06:19:33'),(561,5,1,'MySQL_test','<h1><em>MySQL_test</em><span class=\"ql-cursor\">﻿</span></h1>',256,'2025-03-05 06:19:33','2025-03-05 06:19:33'),(562,6,1,'HTML_test','<h1><s>HTML_test</s></h1>',471,'2025-03-05 06:19:33','2025-03-05 06:19:33'),(563,3,1,'Java_test2','<h1>Java_test2</h1>',585,'2025-03-05 06:19:33','2025-03-05 06:19:33'),(564,1,7,'테스트','<h1>테스트 내용입니다.</h1>',512,'2025-03-05 06:19:33','2025-03-05 06:19:33'),(565,1,7,'testtest','<h2>testtest</h2>',803,'2025-03-05 06:19:33','2025-03-05 06:19:33'),(566,2,7,'JS_test','<h5><em>JS_test<span class=\"ql-cursor\">﻿</span></em></h5>',482,'2025-03-05 06:19:33','2025-03-05 06:19:33'),(567,3,7,'Java_test','<h1><u>Java_test</u></h1>',998,'2025-03-05 06:19:33','2025-03-05 06:19:33'),(568,4,7,'React_test','<h1><u>React_test</u></h1>',545,'2025-03-05 06:19:33','2025-03-05 06:19:33'),(569,1,1,'test','<h1><u>test</u></h1>',731,'2025-03-05 06:19:33','2025-03-05 06:19:33'),(570,5,1,'MySQL_test','<h1><em>MySQL_test</em><span class=\"ql-cursor\">﻿</span></h1>',21,'2025-03-05 06:19:33','2025-03-05 06:19:33'),(571,6,1,'HTML_test','<h1><s>HTML_test</s></h1>',909,'2025-03-05 06:19:33','2025-03-05 06:19:33'),(572,3,1,'Java_test2','<h1>Java_test2</h1>',483,'2025-03-05 06:19:33','2025-03-05 06:19:33'),(573,1,7,'테스트','<h1>테스트 내용입니다.</h1>',687,'2025-03-05 06:19:33','2025-03-05 06:19:33'),(574,1,7,'testtest','<h2>testtest</h2>',987,'2025-03-05 06:19:33','2025-03-05 06:19:33'),(575,2,7,'JS_test','<h5><em>JS_test<span class=\"ql-cursor\">﻿</span></em></h5>',872,'2025-03-05 06:19:33','2025-03-05 06:19:33'),(576,3,7,'Java_test','<h1><u>Java_test</u></h1>',398,'2025-03-05 06:19:33','2025-03-05 06:19:33'),(577,4,7,'React_test','<h1><u>React_test</u></h1>',374,'2025-03-05 06:19:33','2025-03-05 06:19:33'),(578,1,1,'test','<h1><u>test</u></h1>',674,'2025-03-05 06:19:33','2025-03-05 06:19:33'),(579,5,1,'MySQL_test','<h1><em>MySQL_test</em><span class=\"ql-cursor\">﻿</span></h1>',250,'2025-03-05 06:19:33','2025-03-05 06:19:33'),(580,6,1,'HTML_test','<h1><s>HTML_test</s></h1>',226,'2025-03-05 06:19:33','2025-03-05 06:19:33'),(581,3,1,'Java_test2','<h1>Java_test2</h1>',380,'2025-03-05 06:19:33','2025-03-05 06:19:33'),(582,1,7,'테스트','<h1>테스트 내용입니다.</h1>',223,'2025-03-05 06:19:33','2025-03-05 06:19:33'),(583,1,7,'testtest','<h2>testtest</h2>',972,'2025-03-05 06:19:33','2025-03-05 06:19:33'),(584,2,7,'JS_test','<h5><em>JS_test<span class=\"ql-cursor\">﻿</span></em></h5>',192,'2025-03-05 06:19:33','2025-03-05 06:19:33'),(585,3,7,'Java_test','<h1><u>Java_test</u></h1>',45,'2025-03-05 06:19:33','2025-03-05 06:19:33'),(586,4,7,'React_test','<h1><u>React_test</u></h1>',645,'2025-03-05 06:19:33','2025-03-05 06:19:33'),(587,1,1,'test','<h1><u>test</u></h1>',93,'2025-03-05 06:19:33','2025-03-05 06:19:33'),(588,5,1,'MySQL_test','<h1><em>MySQL_test</em><span class=\"ql-cursor\">﻿</span></h1>',527,'2025-03-05 06:19:33','2025-03-05 06:19:33'),(589,6,1,'HTML_test','<h1><s>HTML_test</s></h1>',356,'2025-03-05 06:19:33','2025-03-05 06:19:33'),(590,3,1,'Java_test2','<h1>Java_test2</h1>',200,'2025-03-05 06:19:33','2025-03-05 06:19:33'),(591,1,7,'테스트','<h1>테스트 내용입니다.</h1>',930,'2025-03-05 06:19:33','2025-03-05 06:19:33'),(592,1,7,'testtest','<h2>testtest</h2>',52,'2025-03-05 06:19:33','2025-03-05 06:19:33'),(593,2,7,'JS_test','<h5><em>JS_test<span class=\"ql-cursor\">﻿</span></em></h5>',467,'2025-03-05 06:19:33','2025-03-05 06:19:33'),(594,3,7,'Java_test','<h1><u>Java_test</u></h1>',180,'2025-03-05 06:19:33','2025-03-05 06:19:33'),(595,4,7,'React_test','<h1><u>React_test</u></h1>',498,'2025-03-05 06:19:33','2025-03-05 06:19:33'),(596,1,1,'test','<h1><u>test</u></h1>',948,'2025-03-05 06:19:33','2025-03-05 06:19:33'),(597,5,1,'MySQL_test','<h1><em>MySQL_test</em><span class=\"ql-cursor\">﻿</span></h1>',248,'2025-03-05 06:19:33','2025-03-05 06:19:33'),(598,6,1,'HTML_test','<h1><s>HTML_test</s></h1>',394,'2025-03-05 06:19:33','2025-03-05 06:19:33'),(599,3,1,'Java_test2','<h1>Java_test2</h1>',227,'2025-03-05 06:19:33','2025-03-05 06:19:33'),(600,1,7,'테스트','<h1>테스트 내용입니다.</h1>',951,'2025-03-05 06:19:33','2025-03-05 06:19:33'),(601,1,7,'testtest','<h2>testtest</h2>',72,'2025-03-05 06:19:33','2025-03-05 06:19:33'),(602,2,7,'JS_test','<h5><em>JS_test<span class=\"ql-cursor\">﻿</span></em></h5>',510,'2025-03-05 06:19:33','2025-03-05 06:19:33'),(603,3,7,'Java_test','<h1><u>Java_test</u></h1>',332,'2025-03-05 06:19:33','2025-03-05 06:19:33'),(604,4,7,'React_test','<h1><u>React_test</u></h1>',129,'2025-03-05 06:19:33','2025-03-05 06:19:33'),(605,1,1,'test','<h1><u>test</u></h1>',649,'2025-03-05 06:19:33','2025-03-05 06:19:33'),(606,5,1,'MySQL_test','<h1><em>MySQL_test</em><span class=\"ql-cursor\">﻿</span></h1>',856,'2025-03-05 06:19:33','2025-03-05 06:19:33'),(607,6,1,'HTML_test','<h1><s>HTML_test</s></h1>',332,'2025-03-05 06:19:33','2025-03-05 06:19:33'),(608,3,1,'Java_test2','<h1>Java_test2</h1>',91,'2025-03-05 06:19:33','2025-03-05 06:19:33'),(609,1,7,'테스트','<h1>테스트 내용입니다.</h1>',460,'2025-03-05 06:19:33','2025-03-05 06:19:33'),(610,1,7,'testtest','<h2>testtest</h2>',26,'2025-03-05 06:19:33','2025-03-05 06:19:33'),(611,2,7,'JS_test','<h5><em>JS_test<span class=\"ql-cursor\">﻿</span></em></h5>',749,'2025-03-05 06:19:33','2025-03-05 06:19:33'),(612,3,7,'Java_test','<h1><u>Java_test</u></h1>',668,'2025-03-05 06:19:33','2025-03-05 06:19:33'),(613,4,7,'React_test','<h1><u>React_test</u></h1>',94,'2025-03-05 06:19:33','2025-03-05 06:19:33'),(614,1,1,'test','<h1><u>test</u></h1>',463,'2025-03-05 06:19:33','2025-03-05 06:19:33'),(615,5,1,'MySQL_test','<h1><em>MySQL_test</em><span class=\"ql-cursor\">﻿</span></h1>',34,'2025-03-05 06:19:33','2025-03-05 06:19:33'),(616,6,1,'HTML_test','<h1><s>HTML_test</s></h1>',780,'2025-03-05 06:19:33','2025-03-05 06:19:33'),(617,3,1,'Java_test2','<h1>Java_test2</h1>',796,'2025-03-05 06:19:33','2025-03-05 06:19:33'),(618,1,7,'테스트','<h1>테스트 내용입니다.</h1>',638,'2025-03-05 06:19:33','2025-03-05 06:19:33'),(619,1,7,'testtest','<h2>testtest</h2>',805,'2025-03-05 06:19:33','2025-03-05 06:19:33'),(620,2,7,'JS_test','<h5><em>JS_test<span class=\"ql-cursor\">﻿</span></em></h5>',109,'2025-03-05 06:19:33','2025-03-05 06:19:33'),(621,3,7,'Java_test','<h1><u>Java_test</u></h1>',129,'2025-03-05 06:19:33','2025-03-05 06:19:33'),(622,4,7,'React_test','<h1><u>React_test</u></h1>',319,'2025-03-05 06:19:33','2025-03-05 06:19:33'),(623,1,1,'test','<h1><u>test</u></h1>',208,'2025-03-05 06:19:33','2025-03-05 06:19:33'),(624,5,1,'MySQL_test','<h1><em>MySQL_test</em><span class=\"ql-cursor\">﻿</span></h1>',81,'2025-03-05 06:19:33','2025-03-05 06:19:33'),(625,6,1,'HTML_test','<h1><s>HTML_test</s></h1>',782,'2025-03-05 06:19:33','2025-03-05 06:19:33'),(626,3,1,'Java_test2','<h1>Java_test2</h1>',664,'2025-03-05 06:19:33','2025-03-05 06:19:33'),(627,1,7,'테스트','<h1>테스트 내용입니다.</h1>',976,'2025-03-05 06:19:33','2025-03-05 06:19:33'),(628,1,7,'testtest','<h2>testtest</h2>',888,'2025-03-05 06:19:33','2025-03-05 06:19:33'),(629,2,7,'JS_test','<h5><em>JS_test<span class=\"ql-cursor\">﻿</span></em></h5>',511,'2025-03-05 06:19:33','2025-03-05 06:19:33'),(630,3,7,'Java_test','<h1><u>Java_test</u></h1>',890,'2025-03-05 06:19:33','2025-03-05 06:19:33'),(631,4,7,'React_test','<h1><u>React_test</u></h1>',917,'2025-03-05 06:19:33','2025-03-05 06:19:33'),(632,1,1,'test','<h1><u>test</u></h1>',913,'2025-03-05 06:19:33','2025-03-05 06:19:33'),(633,5,1,'MySQL_test','<h1><em>MySQL_test</em><span class=\"ql-cursor\">﻿</span></h1>',813,'2025-03-05 06:19:33','2025-03-05 06:19:33'),(634,6,1,'HTML_test','<h1><s>HTML_test</s></h1>',327,'2025-03-05 06:19:33','2025-03-05 06:19:33'),(635,3,1,'Java_test2','<h1>Java_test2</h1>',196,'2025-03-05 06:19:33','2025-03-05 06:19:33'),(636,1,7,'테스트','<h1>테스트 내용입니다.</h1>',996,'2025-03-05 06:19:33','2025-03-05 06:19:33'),(637,1,7,'testtest','<h2>testtest</h2>',395,'2025-03-05 06:19:33','2025-03-05 06:19:33'),(638,2,7,'JS_test','<h5><em>JS_test<span class=\"ql-cursor\">﻿</span></em></h5>',984,'2025-03-05 06:19:33','2025-03-05 06:19:33'),(639,3,7,'Java_test','<h1><u>Java_test</u></h1>',736,'2025-03-05 06:19:33','2025-03-05 06:19:33'),(640,4,7,'React_test','<h1><u>React_test</u></h1>',729,'2025-03-05 06:19:33','2025-03-05 06:19:33'),(641,1,1,'test','<h1><u>test</u></h1>',434,'2025-03-05 06:19:33','2025-03-05 06:19:33'),(642,5,1,'MySQL_test','<h1><em>MySQL_test</em><span class=\"ql-cursor\">﻿</span></h1>',982,'2025-03-05 06:19:33','2025-03-05 06:19:33'),(643,6,1,'HTML_test','<h1><s>HTML_test</s></h1>',609,'2025-03-05 06:19:33','2025-03-05 06:19:33'),(644,3,1,'Java_test2','<h1>Java_test2</h1>',100,'2025-03-05 06:19:33','2025-03-05 06:19:33'),(645,1,7,'테스트','<h1>테스트 내용입니다.</h1>',670,'2025-03-05 06:19:33','2025-03-05 06:19:33'),(646,1,7,'testtest','<h2>testtest</h2>',52,'2025-03-05 06:19:33','2025-03-05 06:19:33'),(647,2,7,'JS_test','<h5><em>JS_test<span class=\"ql-cursor\">﻿</span></em></h5>',248,'2025-03-05 06:19:33','2025-03-05 06:19:33'),(648,3,7,'Java_test','<h1><u>Java_test</u></h1>',83,'2025-03-05 06:19:33','2025-03-05 06:19:33'),(649,4,7,'React_test','<h1><u>React_test</u></h1>',672,'2025-03-05 06:19:33','2025-03-05 06:19:33'),(650,1,1,'test','<h1><u>test</u></h1>',111,'2025-03-05 06:19:33','2025-03-05 06:19:33'),(651,5,1,'MySQL_test','<h1><em>MySQL_test</em><span class=\"ql-cursor\">﻿</span></h1>',536,'2025-03-05 06:19:33','2025-03-05 06:19:33'),(652,6,1,'HTML_test','<h1><s>HTML_test</s></h1>',346,'2025-03-05 06:19:33','2025-03-05 06:19:33'),(653,3,1,'Java_test2','<h1>Java_test2</h1>',124,'2025-03-05 06:19:33','2025-03-05 06:19:33'),(654,1,7,'테스트','<h1>테스트 내용입니다.</h1>',581,'2025-03-05 06:19:33','2025-03-05 06:19:33'),(655,1,7,'testtest','<h2>testtest</h2>',533,'2025-03-05 06:19:33','2025-03-05 06:19:33'),(656,2,7,'JS_test','<h5><em>JS_test<span class=\"ql-cursor\">﻿</span></em></h5>',920,'2025-03-05 06:19:33','2025-03-05 06:19:33'),(657,3,7,'Java_test','<h1><u>Java_test</u></h1>',1,'2025-03-05 06:19:33','2025-03-05 06:19:33'),(658,4,7,'React_test','<h1><u>React_test</u></h1>',245,'2025-03-05 06:19:33','2025-03-05 06:19:33'),(659,1,1,'test','<h1><u>test</u></h1>',222,'2025-03-05 06:19:33','2025-03-05 06:19:33'),(660,5,1,'MySQL_test','<h1><em>MySQL_test</em><span class=\"ql-cursor\">﻿</span></h1>',375,'2025-03-05 06:19:33','2025-03-05 06:19:33'),(661,6,1,'HTML_test','<h1><s>HTML_test</s></h1>',210,'2025-03-05 06:19:33','2025-03-05 06:19:33'),(662,3,1,'Java_test2','<h1>Java_test2</h1>',922,'2025-03-05 06:19:33','2025-03-05 06:19:33'),(663,1,7,'테스트','<h1>테스트 내용입니다.</h1>',981,'2025-03-05 06:19:33','2025-03-05 06:19:33'),(664,1,7,'testtest','<h2>testtest</h2>',140,'2025-03-05 06:19:33','2025-03-05 06:19:33'),(665,2,7,'JS_test','<h5><em>JS_test<span class=\"ql-cursor\">﻿</span></em></h5>',754,'2025-03-05 06:19:33','2025-03-05 06:19:33'),(666,3,7,'Java_test','<h1><u>Java_test</u></h1>',351,'2025-03-05 06:19:33','2025-03-05 06:19:33'),(667,4,7,'React_test','<h1><u>React_test</u></h1>',490,'2025-03-05 06:19:33','2025-03-05 06:19:33'),(668,1,1,'test','<h1><u>test</u></h1>',399,'2025-03-05 06:19:33','2025-03-05 06:19:33'),(669,5,1,'MySQL_test','<h1><em>MySQL_test</em><span class=\"ql-cursor\">﻿</span></h1>',526,'2025-03-05 06:19:33','2025-03-05 06:19:33'),(670,6,1,'HTML_test','<h1><s>HTML_test</s></h1>',429,'2025-03-05 06:19:33','2025-03-05 06:19:33'),(671,3,1,'Java_test2','<h1>Java_test2</h1>',569,'2025-03-05 06:19:33','2025-03-05 06:19:33'),(672,1,7,'테스트','<h1>테스트 내용입니다.</h1>',557,'2025-03-05 06:19:33','2025-03-05 06:19:33'),(673,1,7,'testtest','<h2>testtest</h2>',79,'2025-03-05 06:19:33','2025-03-05 06:19:33'),(674,2,7,'JS_test','<h5><em>JS_test<span class=\"ql-cursor\">﻿</span></em></h5>',720,'2025-03-05 06:19:33','2025-03-05 06:19:33'),(675,3,7,'Java_test','<h1><u>Java_test</u></h1>',366,'2025-03-05 06:19:33','2025-03-05 06:19:33'),(676,4,7,'React_test','<h1><u>React_test</u></h1>',667,'2025-03-05 06:19:33','2025-03-05 06:19:33'),(677,1,1,'test','<h1><u>test</u></h1>',235,'2025-03-05 06:19:33','2025-03-05 06:19:33'),(678,5,1,'MySQL_test','<h1><em>MySQL_test</em><span class=\"ql-cursor\">﻿</span></h1>',177,'2025-03-05 06:19:33','2025-03-05 06:19:33'),(679,6,1,'HTML_test','<h1><s>HTML_test</s></h1>',176,'2025-03-05 06:19:33','2025-03-05 06:19:33'),(680,3,1,'Java_test2','<h1>Java_test2</h1>',352,'2025-03-05 06:19:33','2025-03-05 06:19:33'),(681,1,7,'테스트','<h1>테스트 내용입니다.</h1>',231,'2025-03-05 06:19:33','2025-03-05 06:19:33'),(682,1,7,'testtest','<h2>testtest</h2>',96,'2025-03-05 06:19:33','2025-03-05 06:19:33'),(683,2,7,'JS_test','<h5><em>JS_test<span class=\"ql-cursor\">﻿</span></em></h5>',788,'2025-03-05 06:19:33','2025-03-05 06:19:33'),(684,3,7,'Java_test','<h1><u>Java_test</u></h1>',651,'2025-03-05 06:19:33','2025-03-05 06:19:33'),(685,4,7,'React_test','<h1><u>React_test</u></h1>',889,'2025-03-05 06:19:33','2025-03-05 06:19:33'),(686,1,1,'test','<h1><u>test</u></h1>',492,'2025-03-05 06:19:33','2025-03-05 06:19:33'),(687,5,1,'MySQL_test','<h1><em>MySQL_test</em><span class=\"ql-cursor\">﻿</span></h1>',794,'2025-03-05 06:19:33','2025-03-05 06:19:33'),(688,6,1,'HTML_test','<h1><s>HTML_test</s></h1>',494,'2025-03-05 06:19:33','2025-03-05 06:19:33'),(689,3,1,'Java_test2','<h1>Java_test2</h1>',86,'2025-03-05 06:19:33','2025-03-05 06:19:33'),(690,1,7,'테스트','<h1>테스트 내용입니다.</h1>',949,'2025-03-05 06:19:33','2025-03-05 06:19:33'),(691,1,7,'testtest','<h2>testtest</h2>',485,'2025-03-05 06:19:33','2025-03-05 06:19:33'),(692,2,7,'JS_test','<h5><em>JS_test<span class=\"ql-cursor\">﻿</span></em></h5>',578,'2025-03-05 06:19:33','2025-03-05 06:19:33'),(693,3,7,'Java_test','<h1><u>Java_test</u></h1>',435,'2025-03-05 06:19:33','2025-03-05 06:19:33'),(694,4,7,'React_test','<h1><u>React_test</u></h1>',438,'2025-03-05 06:19:33','2025-03-05 06:19:33'),(695,1,1,'test','<h1><u>test</u></h1>',888,'2025-03-05 06:19:33','2025-03-05 06:19:33'),(696,5,1,'MySQL_test','<h1><em>MySQL_test</em><span class=\"ql-cursor\">﻿</span></h1>',123,'2025-03-05 06:19:33','2025-03-05 06:19:33'),(697,6,1,'HTML_test','<h1><s>HTML_test</s></h1>',952,'2025-03-05 06:19:33','2025-03-05 06:19:33'),(698,3,1,'Java_test2','<h1>Java_test2</h1>',390,'2025-03-05 06:19:33','2025-03-05 06:19:33'),(699,1,7,'테스트','<h1>테스트 내용입니다.</h1>',94,'2025-03-05 06:19:33','2025-03-05 06:19:33'),(700,1,7,'testtest','<h2>testtest</h2>',298,'2025-03-05 06:19:33','2025-03-05 06:19:33'),(701,2,7,'JS_test','<h5><em>JS_test<span class=\"ql-cursor\">﻿</span></em></h5>',207,'2025-03-05 06:19:33','2025-03-05 06:19:33'),(702,3,7,'Java_test','<h1><u>Java_test</u></h1>',140,'2025-03-05 06:19:33','2025-03-05 06:19:33'),(703,4,7,'React_test','<h1><u>React_test</u></h1>',81,'2025-03-05 06:19:33','2025-03-05 06:19:33'),(704,1,1,'test','<h1><u>test</u></h1>',984,'2025-03-05 06:19:33','2025-03-05 06:19:33'),(705,5,1,'MySQL_test','<h1><em>MySQL_test</em><span class=\"ql-cursor\">﻿</span></h1>',677,'2025-03-05 06:19:33','2025-03-05 06:19:33'),(706,6,1,'HTML_test','<h1><s>HTML_test</s></h1>',434,'2025-03-05 06:19:33','2025-03-05 06:19:33'),(707,3,1,'Java_test2','<h1>Java_test2</h1>',136,'2025-03-05 06:19:33','2025-03-05 06:19:33'),(708,1,7,'테스트','<h1>테스트 내용입니다.</h1>',378,'2025-03-05 06:19:33','2025-03-05 06:19:33'),(709,1,7,'testtest','<h2>testtest</h2>',481,'2025-03-05 06:19:33','2025-03-05 06:19:33'),(710,2,7,'JS_test','<h5><em>JS_test<span class=\"ql-cursor\">﻿</span></em></h5>',273,'2025-03-05 06:19:33','2025-03-05 06:19:33'),(711,3,7,'Java_test','<h1><u>Java_test</u></h1>',919,'2025-03-05 06:19:33','2025-03-05 06:19:33'),(712,4,7,'React_test','<h1><u>React_test</u></h1>',774,'2025-03-05 06:19:33','2025-03-05 06:19:33'),(713,1,1,'test','<h1><u>test</u></h1>',115,'2025-03-05 06:19:33','2025-03-05 06:19:33'),(714,5,1,'MySQL_test','<h1><em>MySQL_test</em><span class=\"ql-cursor\">﻿</span></h1>',253,'2025-03-05 06:19:33','2025-03-05 06:19:33'),(715,6,1,'HTML_test','<h1><s>HTML_test</s></h1>',920,'2025-03-05 06:19:33','2025-03-05 06:19:33'),(716,3,1,'Java_test2','<h1>Java_test2</h1>',839,'2025-03-05 06:19:33','2025-03-05 06:19:33'),(717,1,7,'테스트','<h1>테스트 내용입니다.</h1>',434,'2025-03-05 06:19:33','2025-03-05 06:19:33'),(718,1,7,'testtest','<h2>testtest</h2>',652,'2025-03-05 06:19:33','2025-03-05 06:19:33'),(719,2,7,'JS_test','<h5><em>JS_test<span class=\"ql-cursor\">﻿</span></em></h5>',960,'2025-03-05 06:19:33','2025-03-05 06:19:33'),(720,3,7,'Java_test','<h1><u>Java_test</u></h1>',840,'2025-03-05 06:19:33','2025-03-05 06:19:33'),(721,4,7,'React_test','<h1><u>React_test</u></h1>',322,'2025-03-05 06:19:33','2025-03-05 06:19:33'),(722,1,1,'test','<h1><u>test</u></h1>',90,'2025-03-05 06:19:33','2025-03-05 06:19:33'),(723,5,1,'MySQL_test','<h1><em>MySQL_test</em><span class=\"ql-cursor\">﻿</span></h1>',482,'2025-03-05 06:19:33','2025-03-05 06:19:33'),(724,6,1,'HTML_test','<h1><s>HTML_test</s></h1>',138,'2025-03-05 06:19:33','2025-03-05 06:19:33'),(725,3,1,'Java_test2','<h1>Java_test2</h1>',246,'2025-03-05 06:19:33','2025-03-05 06:19:33'),(726,1,7,'테스트','<h1>테스트 내용입니다.</h1>',815,'2025-03-05 06:19:33','2025-03-05 06:19:33'),(727,1,7,'testtest','<h2>testtest</h2>',336,'2025-03-05 06:19:33','2025-03-05 06:19:33'),(728,2,7,'JS_test','<h5><em>JS_test<span class=\"ql-cursor\">﻿</span></em></h5>',233,'2025-03-05 06:19:33','2025-03-05 06:19:33'),(729,3,7,'Java_test','<h1><u>Java_test</u></h1>',156,'2025-03-05 06:19:33','2025-03-05 06:19:33'),(730,4,7,'React_test','<h1><u>React_test</u></h1>',84,'2025-03-05 06:19:33','2025-03-05 06:19:33'),(731,1,1,'test','<h1><u>test</u></h1>',949,'2025-03-05 06:19:33','2025-03-05 06:19:33'),(732,5,1,'MySQL_test','<h1><em>MySQL_test</em><span class=\"ql-cursor\">﻿</span></h1>',493,'2025-03-05 06:19:33','2025-03-05 06:19:33'),(733,6,1,'HTML_test','<h1><s>HTML_test</s></h1>',620,'2025-03-05 06:19:33','2025-03-05 06:19:33'),(734,3,1,'Java_test2','<h1>Java_test2</h1>',617,'2025-03-05 06:19:33','2025-03-05 06:19:33'),(735,1,7,'테스트','<h1>테스트 내용입니다.</h1>',226,'2025-03-05 06:19:33','2025-03-05 06:19:33'),(736,1,7,'testtest','<h2>testtest</h2>',279,'2025-03-05 06:19:33','2025-03-05 06:19:33'),(737,2,7,'JS_test','<h5><em>JS_test<span class=\"ql-cursor\">﻿</span></em></h5>',715,'2025-03-05 06:19:33','2025-03-05 06:19:33'),(738,3,7,'Java_test','<h1><u>Java_test</u></h1>',736,'2025-03-05 06:19:33','2025-03-05 06:19:33'),(739,4,7,'React_test','<h1><u>React_test</u></h1>',538,'2025-03-05 06:19:33','2025-03-05 06:19:33'),(740,1,1,'test','<h1><u>test</u></h1>',480,'2025-03-05 06:19:33','2025-03-05 06:19:33'),(741,5,1,'MySQL_test','<h1><em>MySQL_test</em><span class=\"ql-cursor\">﻿</span></h1>',785,'2025-03-05 06:19:33','2025-03-05 06:19:33'),(742,6,1,'HTML_test','<h1><s>HTML_test</s></h1>',485,'2025-03-05 06:19:33','2025-03-05 06:19:33'),(743,3,1,'Java_test2','<h1>Java_test2</h1>',69,'2025-03-05 06:19:33','2025-03-05 06:19:33'),(744,1,7,'테스트','<h1>테스트 내용입니다.</h1>',890,'2025-03-05 06:19:33','2025-03-05 06:19:33'),(745,1,7,'testtest','<h2>testtest</h2>',242,'2025-03-05 06:19:33','2025-03-05 06:19:33'),(746,2,7,'JS_test','<h5><em>JS_test<span class=\"ql-cursor\">﻿</span></em></h5>',541,'2025-03-05 06:19:33','2025-03-05 06:19:33'),(747,3,7,'Java_test','<h1><u>Java_test</u></h1>',978,'2025-03-05 06:19:33','2025-03-05 06:19:33'),(748,4,7,'React_test','<h1><u>React_test</u></h1>',268,'2025-03-05 06:19:33','2025-03-05 06:19:33'),(749,1,1,'test','<h1><u>test</u></h1>',405,'2025-03-05 06:19:33','2025-03-05 06:19:33'),(750,5,1,'MySQL_test','<h1><em>MySQL_test</em><span class=\"ql-cursor\">﻿</span></h1>',221,'2025-03-05 06:19:33','2025-03-05 06:19:33'),(751,6,1,'HTML_test','<h1><s>HTML_test</s></h1>',889,'2025-03-05 06:19:33','2025-03-05 06:19:33'),(752,3,1,'Java_test2','<h1>Java_test2</h1>',781,'2025-03-05 06:19:33','2025-03-05 06:19:33'),(753,1,7,'테스트','<h1>테스트 내용입니다.</h1>',240,'2025-03-05 06:19:33','2025-03-05 06:19:33'),(754,1,7,'testtest','<h2>testtest</h2>',854,'2025-03-05 06:19:33','2025-03-05 06:19:33'),(755,2,7,'JS_test','<h5><em>JS_test<span class=\"ql-cursor\">﻿</span></em></h5>',548,'2025-03-05 06:19:33','2025-03-05 06:19:33'),(756,3,7,'Java_test','<h1><u>Java_test</u></h1>',181,'2025-03-05 06:19:33','2025-03-05 06:19:33'),(757,4,7,'React_test','<h1><u>React_test</u></h1>',258,'2025-03-05 06:19:33','2025-03-05 06:19:33'),(758,1,1,'test','<h1><u>test</u></h1>',747,'2025-03-05 06:19:33','2025-03-05 06:19:33'),(759,5,1,'MySQL_test','<h1><em>MySQL_test</em><span class=\"ql-cursor\">﻿</span></h1>',960,'2025-03-05 06:19:33','2025-03-05 06:19:33'),(760,6,1,'HTML_test','<h1><s>HTML_test</s></h1>',560,'2025-03-05 06:19:33','2025-03-05 06:19:33'),(761,3,1,'Java_test2','<h1>Java_test2</h1>',919,'2025-03-05 06:19:33','2025-03-05 06:19:33'),(762,1,7,'테스트','<h1>테스트 내용입니다.</h1>',916,'2025-03-05 06:19:33','2025-03-05 06:19:33'),(763,1,7,'testtest','<h2>testtest</h2>',822,'2025-03-05 06:19:33','2025-03-05 06:19:33'),(764,2,7,'JS_test','<h5><em>JS_test<span class=\"ql-cursor\">﻿</span></em></h5>',359,'2025-03-05 06:19:33','2025-03-05 06:19:33'),(765,3,7,'Java_test','<h1><u>Java_test</u></h1>',331,'2025-03-05 06:19:33','2025-03-05 06:19:33'),(766,4,7,'React_test','<h1><u>React_test</u></h1>',575,'2025-03-05 06:19:33','2025-03-05 06:19:33'),(767,1,1,'test','<h1><u>test</u></h1>',883,'2025-03-05 06:19:33','2025-03-05 06:19:33'),(768,5,1,'MySQL_test','<h1><em>MySQL_test</em><span class=\"ql-cursor\">﻿</span></h1>',691,'2025-03-05 06:19:33','2025-03-05 06:19:33'),(769,6,1,'HTML_test','<h1><s>HTML_test</s></h1>',803,'2025-03-05 06:19:33','2025-03-05 06:19:33'),(770,3,1,'Java_test2','<h1>Java_test2</h1>',944,'2025-03-05 06:19:33','2025-03-05 06:19:33'),(771,1,7,'테스트','<h1>테스트 내용입니다.</h1>',311,'2025-03-05 06:19:33','2025-03-05 06:19:33'),(772,1,7,'testtest','<h2>testtest</h2>',720,'2025-03-05 06:19:33','2025-03-05 06:19:33'),(773,2,7,'JS_test','<h5><em>JS_test<span class=\"ql-cursor\">﻿</span></em></h5>',669,'2025-03-05 06:19:33','2025-03-05 06:19:33'),(774,3,7,'Java_test','<h1><u>Java_test</u></h1>',184,'2025-03-05 06:19:33','2025-03-05 06:19:33'),(775,4,7,'React_test','<h1><u>React_test</u></h1>',910,'2025-03-05 06:19:33','2025-03-05 06:19:33'),(776,1,1,'test','<h1><u>test</u></h1>',1000,'2025-03-05 06:19:33','2025-03-05 06:19:33'),(777,5,1,'MySQL_test','<h1><em>MySQL_test</em><span class=\"ql-cursor\">﻿</span></h1>',267,'2025-03-05 06:19:33','2025-03-05 06:19:33'),(778,6,1,'HTML_test','<h1><s>HTML_test</s></h1>',337,'2025-03-05 06:19:33','2025-03-05 06:19:33'),(779,3,1,'Java_test2','<h1>Java_test2</h1>',882,'2025-03-05 06:19:33','2025-03-05 06:19:33'),(780,1,7,'테스트','<h1>테스트 내용입니다.</h1>',400,'2025-03-05 06:19:33','2025-03-05 06:19:33'),(781,1,7,'testtest','<h2>testtest</h2>',354,'2025-03-05 06:19:33','2025-03-05 06:19:33'),(782,2,7,'JS_test','<h5><em>JS_test<span class=\"ql-cursor\">﻿</span></em></h5>',570,'2025-03-05 06:19:33','2025-03-05 06:19:33'),(783,3,7,'Java_test','<h1><u>Java_test</u></h1>',789,'2025-03-05 06:19:33','2025-03-05 06:19:33'),(784,4,7,'React_test','<h1><u>React_test</u></h1>',231,'2025-03-05 06:19:33','2025-03-05 06:19:33'),(785,1,1,'test','<h1><u>test</u></h1>',788,'2025-03-05 06:19:33','2025-03-05 06:19:33'),(786,5,1,'MySQL_test','<h1><em>MySQL_test</em><span class=\"ql-cursor\">﻿</span></h1>',247,'2025-03-05 06:19:33','2025-03-05 06:19:33'),(787,6,1,'HTML_test','<h1><s>HTML_test</s></h1>',873,'2025-03-05 06:19:33','2025-03-05 06:19:33'),(788,3,1,'Java_test2','<h1>Java_test2</h1>',620,'2025-03-05 06:19:33','2025-03-05 06:19:33');
/*!40000 ALTER TABLE `board_tb` ENABLE KEYS */;
UNLOCK TABLES;

--
-- Table structure for table `role_tb`
--

DROP TABLE IF EXISTS `role_tb`;
/*!40101 SET @saved_cs_client     = @@character_set_client */;
/*!50503 SET character_set_client = utf8mb4 */;
CREATE TABLE `role_tb` (
  `role_id` int NOT NULL AUTO_INCREMENT,
  `role_name` varchar(255) NOT NULL,
  `role_name_kor` varchar(255) NOT NULL,
  `created_at` timestamp NOT NULL,
  PRIMARY KEY (`role_id`),
  UNIQUE KEY `role_name_UNIQUE` (`role_name`),
  UNIQUE KEY `role_name_kor_UNIQUE` (`role_name_kor`)
) ENGINE=InnoDB AUTO_INCREMENT=3 DEFAULT CHARSET=utf8mb4 COLLATE=utf8mb4_0900_ai_ci;
/*!40101 SET character_set_client = @saved_cs_client */;

--
-- Dumping data for table `role_tb`
--

LOCK TABLES `role_tb` WRITE;
/*!40000 ALTER TABLE `role_tb` DISABLE KEYS */;
INSERT INTO `role_tb` VALUES (1,'ROLE_USER','일반사용자','2025-02-25 06:24:27'),(2,'ROLE_ADMIN','관리자','2025-02-25 06:24:27');
/*!40000 ALTER TABLE `role_tb` ENABLE KEYS */;
UNLOCK TABLES;

--
-- Table structure for table `user_role_tb`
--

DROP TABLE IF EXISTS `user_role_tb`;
/*!40101 SET @saved_cs_client     = @@character_set_client */;
/*!50503 SET character_set_client = utf8mb4 */;
CREATE TABLE `user_role_tb` (
  `user_role_id` int NOT NULL AUTO_INCREMENT,
  `user_id` int NOT NULL,
  `role_id` int NOT NULL,
  `created_at` timestamp NOT NULL,
  PRIMARY KEY (`user_role_id`)
) ENGINE=InnoDB AUTO_INCREMENT=7 DEFAULT CHARSET=utf8mb4 COLLATE=utf8mb4_0900_ai_ci;
/*!40101 SET character_set_client = @saved_cs_client */;

--
-- Dumping data for table `user_role_tb`
--

LOCK TABLES `user_role_tb` WRITE;
/*!40000 ALTER TABLE `user_role_tb` DISABLE KEYS */;
INSERT INTO `user_role_tb` VALUES (1,2,1,'2025-02-27 08:43:14'),(2,3,1,'2025-02-27 08:50:20'),(3,4,1,'2025-02-28 00:14:42'),(4,5,1,'2025-02-28 01:18:24'),(5,6,1,'2025-02-28 01:19:18'),(6,7,1,'2025-02-28 06:37:44');
/*!40000 ALTER TABLE `user_role_tb` ENABLE KEYS */;
UNLOCK TABLES;

--
-- Table structure for table `user_tb`
--

DROP TABLE IF EXISTS `user_tb`;
/*!40101 SET @saved_cs_client     = @@character_set_client */;
/*!50503 SET character_set_client = utf8mb4 */;
CREATE TABLE `user_tb` (
  `user_id` int NOT NULL AUTO_INCREMENT,
  `username` varchar(255) NOT NULL,
  `password` varchar(255) DEFAULT NULL,
  `email` varchar(255) DEFAULT NULL,
  `nickname` varchar(255) NOT NULL,
  `oauth2_name` varchar(255) DEFAULT NULL,
  `oauth2_provider` varchar(255) DEFAULT NULL,
  `profile_img` varchar(255) DEFAULT NULL,
  `account_expired` int NOT NULL,
  `account_locked` int NOT NULL,
  `credentials_expired` int NOT NULL,
  `account_enabled` int NOT NULL,
  `created_at` timestamp NOT NULL,
  PRIMARY KEY (`user_id`),
  UNIQUE KEY `email_UNIQUE` (`username`)
) ENGINE=InnoDB AUTO_INCREMENT=8 DEFAULT CHARSET=utf8mb4 COLLATE=utf8mb4_0900_ai_ci;
/*!40101 SET character_set_client = @saved_cs_client */;

--
-- Dumping data for table `user_tb`
--

LOCK TABLES `user_tb` WRITE;
/*!40000 ALTER TABLE `user_tb` DISABLE KEYS */;
INSERT INTO `user_tb` VALUES (1,'test12345','$2a$10$FwU7.nWpWx7Xw88FEhx1.uXlPaG4alc1L6Nx6evCafvGo8ih2CGZe','test1@gmail.com','test12',NULL,NULL,'3157e4f2e9d348099037ea5fc995a3ea_default.jpg',1,1,1,1,'2025-02-25 04:55:37'),(2,'test1','$2a$10$hd1Rq0Xo3.0a5w11ArZ1n.PfQnb226PYuQzkj3NBe96sVYsupQPxa','hanigirl0@naver.com','test1',NULL,NULL,NULL,1,1,1,1,'2025-02-27 08:43:14'),(3,'nikke01','$2a$10$BLktQ4uO25Ht5YVs16N0I.iD7.fquKKvRFBw6Qu1B1zR9fxGBrBx.','yggdrasil8@naver.com','nikke01',NULL,NULL,NULL,1,1,1,1,'2025-02-27 08:50:20'),(4,'test2','$2a$10$YELJU0/LABTylcBM3fLTBetQXjzh7FBQpRjYftRz04IsLWVkLnxji','hanigirl0@naver.com','test2',NULL,NULL,NULL,1,1,1,1,'2025-02-28 00:14:42'),(5,'test3','$2a$10$4ahL8JHNtf1plEDeeqlOQuhY/oN4cS/jgX7TKDxTcD3iYpyT2Ut/i','hanigirl0@naver.com','test3',NULL,NULL,NULL,1,1,1,1,'2025-02-28 01:18:24'),(6,'test4','$2a$10$/ZPiAkmNJXBLTC5YyvB8zefGrPy9oXjcY0KjTARMmkd2Jbid9933u','hanigirl0@naver.com','test4',NULL,NULL,NULL,1,1,1,1,'2025-02-28 01:19:18'),(7,'google_116130954672349415603',NULL,'hanigirl0@naver.com','google_1161309546723','116130954672349415603','google',NULL,1,1,1,1,'2025-02-28 06:37:44');
/*!40000 ALTER TABLE `user_tb` ENABLE KEYS */;
UNLOCK TABLES;

--
-- Dumping events for database 'board_project'
--

--
-- Dumping routines for database 'board_project'
--
/*!40103 SET TIME_ZONE=@OLD_TIME_ZONE */;

/*!40101 SET SQL_MODE=@OLD_SQL_MODE */;
/*!40014 SET FOREIGN_KEY_CHECKS=@OLD_FOREIGN_KEY_CHECKS */;
/*!40014 SET UNIQUE_CHECKS=@OLD_UNIQUE_CHECKS */;
/*!40101 SET CHARACTER_SET_CLIENT=@OLD_CHARACTER_SET_CLIENT */;
/*!40101 SET CHARACTER_SET_RESULTS=@OLD_CHARACTER_SET_RESULTS */;
/*!40101 SET COLLATION_CONNECTION=@OLD_COLLATION_CONNECTION */;
/*!40111 SET SQL_NOTES=@OLD_SQL_NOTES */;

-- Dump completed on 2025-03-05 17:41:23
